{"learning_rate": 0.01, "max_depth": 5, "min_child_weight": 300, "lambda": 1.0817334952464273, "alpha": 0.06348329291978623, "colsample_bytree": 1.0, "n_estimators": 5204, "tree_method": "gpu_hist"}